{"cameraMode":{"drawMode":0,"name":"Shaded","section":"Shading Mode"},"sceneLighting":false,"audioPlay":false,"sceneViewState":{"m_AlwaysRefresh":false,"showFog":true,"showSkybox":true,"showFlares":true,"showImageEffects":true,"showParticleSystems":true,"showVisualEffectGraphs":true,"m_FxEnabled":true},"in2DMode":false,"pivot":{"x":-7.487859725952148,"y":-11.511246681213379,"z":52.367855072021487},"rotation":{"x":-0.14976254105567933,"y":-0.052752263844013217,"z":0.008183464407920838,"w":-0.9875971674919128},"size":23.401193618774415,"orthographic":false}